{
    "cam0": {
        "R": [
            [
                0.7581838913598791,
                -0.6520335263541123,
                0.0030769128379276034
            ],
            [
                -0.4647232657720598,
                -0.5436777441273284,
                -0.6988896885709295
            ],
            [
                0.45737235720203134,
                0.5284569907294636,
                -0.7152228574483739
            ]
        ],
        "T": [
            -0.009253695413861772,
            2.0965278910845604,
            5.846019110862365
        ]
    },
    "cam1": {
        "R": [
            [
                -0.10303914426469107,
                0.9946760332618095,
                0.0015885854563526536
            ],
            [
                0.4095868990351693,
                0.04388466692289528,
                -0.9112149626448312
            ],
            [
                -0.9064333990359991,
                -0.09324014620118626,
                -0.41192811053438316
            ]
        ],
        "T": [
            -0.004624479073590766,
            2.7335433425118714,
            5.152696071031172
        ]
    },
    "cam2": {
        "R": [
            [
                0.620899894622521,
                -0.7838846542882902,
                0.0028582562988970217
            ],
            [
                -0.4008707846951923,
                -0.3206511899840806,
                -0.8581872921103259
            ],
            [
                0.6736363520740275,
                0.5317026077922892,
                -0.513328746546768
            ]
        ],
        "T": [
            -0.008606521825572352,
            2.574455352607658,
            5.522408410942304
        ]
    }
}